Name,Time,Folder,Image
e41d1c132fbc473e81f76d983e61663a,2025-09-06 12:31:05,known,1879bdfd11a4467997bd802cb2f733a9.jpg
b9ea3b3e69264865b06879df4094632e,2025-09-06 12:31:05,known,3dce68616f994d0db053f60714d76966.jpg
Unknown,2025-09-06 12:31:06,unknown,efb0fc34ee1549edb4a12bb03882054d.jpg
Unknown,2025-09-06 12:31:06,unknown,0f62cf26633b4bb7905fde6c12bf8f90.jpg
Unknown,2025-09-06 12:31:07,unknown,58a68e33d3984d9b981c374cf661e6e7.jpg
Unknown,2025-09-06 12:31:07,unknown,3fe85b1556ba4fe9ba78e29b1de24cac.jpg
Unknown,2025-09-06 12:31:07,unknown,0c9e91feca354cd6bb1a85ecb0d1f2ba.jpg
Unknown,2025-09-06 12:31:08,unknown,4f880300ee20478fb6d28c6b6e10ae84.jpg
person_76e3a3ce40244f74924bf260d60864ba,2025-09-06 12:31:08,known,3fea98eca30844e8939b94d3f590be44.jpg
person_76e3a3ce40244f74924bf260d60864ba,2025-09-06 12:31:09,known,2239088b097e408eaf05dd305b95925b.jpg
person_76e3a3ce40244f74924bf260d60864ba,2025-09-06 12:31:09,known,356e67bfba3540668624b747e10c4e37.jpg
person_76e3a3ce40244f74924bf260d60864ba,2025-09-06 12:31:09,known,ca75adb67fdd4703b6dd7662a892c178.jpg
person_76e3a3ce40244f74924bf260d60864ba,2025-09-06 12:31:10,known,659c607a0c184a7caadfaa0c6f311103.jpg
person_76e3a3ce40244f74924bf260d60864ba,2025-09-06 12:31:10,known,319f052b338c447fab4b5f7ba5580c13.jpg
person_76e3a3ce40244f74924bf260d60864ba,2025-09-06 12:31:11,known,d9dab9e9ac524f158af030c4e046fd16.jpg
person_76e3a3ce40244f74924bf260d60864ba,2025-09-06 12:31:11,known,e1def72f947d4110b5bb1934635a5506.jpg
person_76e3a3ce40244f74924bf260d60864ba,2025-09-06 12:31:12,known,a1ecd4f21dee44f8afc4e35710b162d8.jpg
person_76e3a3ce40244f74924bf260d60864ba,2025-09-06 12:31:12,known,1513ccdc0ab94d5988590993f839f5be.jpg
person_76e3a3ce40244f74924bf260d60864ba,2025-09-06 12:31:12,known,ab498a30acbd49e59849c524e49778eb.jpg
person_76e3a3ce40244f74924bf260d60864ba,2025-09-06 12:31:13,known,97fd367b35ea446089d96d064c009834.jpg
person_76e3a3ce40244f74924bf260d60864ba,2025-09-06 12:31:13,known,7e901eaa45ac434c8058c19ebbf49b81.jpg
person_76e3a3ce40244f74924bf260d60864ba,2025-09-06 12:31:14,known,676cc2e4853a48d088bb5d19d266c5b4.jpg
Unknown,2025-09-06 12:31:14,unknown,fe40ab91aae0444ba3c52a8c9b0e323b.jpg
person_76e3a3ce40244f74924bf260d60864ba,2025-09-06 12:31:14,known,9a592c20362b4bca868cd497354de430.jpg
Unknown,2025-09-06 12:31:15,unknown,850d96ba8fa74a6580edf92493b1dab1.jpg
6519d358fc88482a884ecc7a09529599,2025-09-06 12:31:15,known,708f3c80cb6142288b909af19bc0bf47.jpg
person_76e3a3ce40244f74924bf260d60864ba,2025-09-06 12:31:16,known,97099d71d91b4a3fbe7206436385d3d8.jpg
bdb6caccc5af4d178cbdcf12ae14fc1f,2025-09-06 12:32:47,known,91d00194b4e04132b24352ba92f07484.jpg
ed62afb024d6451f95fb86a03cf88e1e,2025-09-06 12:32:48,known,a53aad03222c478cbc14fbb332f0e027.jpg
1c1fd124747e4b0a96d16c03d38202ae,2025-09-06 12:32:48,known,89b668887da6402eb6ac472ca52ba0df.jpg
fb134c4e5c7c4254bb120d321444c1a0,2025-09-06 12:32:48,known,1049fff534de47ae874e3a14bf27aca6.jpg
fb134c4e5c7c4254bb120d321444c1a0,2025-09-06 12:32:49,known,69d12573746c4a829cd5f0973aef12c4.jpg
84789d7587524aa5951b8e96d8e8ef97,2025-09-06 12:32:49,known,3542002a7fe949279e7dfbe837755252.jpg
84789d7587524aa5951b8e96d8e8ef97,2025-09-06 12:32:50,known,b29ecb4b0d064c6d9fe4b134940908dc.jpg
d1786931f6f449a9bd757089ef43744f,2025-09-06 12:32:50,known,77c7184f82e243da9082437725b4d193.jpg
f2cf159af29d45d69c65384545427f2f,2025-09-06 12:32:51,known,5e3d1a0cdfd44d58ab8d14bd2c207b8c.jpg
